3369,Micros,2.1.5.2
5285,Micros,2.1.0.27
1303,Micros,2.1.0.27
6408,Micros,2.1.5.2
1222,Micros,2.1.5.2
1199,Micros,2.1.0.27
1220,Micros,2.1.5.2
1219,Micros,2.1.0.27
1753,Micros,2.1.5.2
4631,Micros,2.1.5.2
2772,Micros,2.1.5.2
3902,Micros,2.1.0.27
4373,Micros,2.1.5.2
3310,Micros,2.1.5.2
3377,Micros,2.1.5.2
5304,Micros,2.1.5.2
5349,Micros,2.1.5.2
2673,Micros,2.1.5.2
3657,Micros,2.1.5.2
4017,Micros,2.1.5.2
3665,Micros,2.1.5.2
6420,Micros,2.1.5.2
1134,Micros,2.1.5.2
5856,Micros,2.1.0.27
5256,Micros,2.1.5.2
4461,Micros,2.1.5.2
5234,Micros,2.1.5.2
4735,Micros,2.1.5.2
3251,Micros,2.1.5.2
5032,Micros,2.1.5.2
3600,Micros,2.1.5.2
2978,Micros,2.1.5.2
4379,Micros,2.1.5.2
3558,Micros,2.1.5.2
4256,Micros,2.1.5.2
2428,Micros,2.1.5.2
1771,Micros,2.1.5.2
3252,Micros,2.1.5.2
5366,Micros,2.1.5.2
5255,Micros,2.1.5.2
3556,Micros,2.1.5.2
3961,Micros,2.1.5.2
4051,Micros,2.1.5.2
4415,Micros,2.1.5.2
4980,Micros,2.1.5.2
5438,Micros,2.1.5.2
4018,Micros,2.1.5.2
3774,Micros,2.1.5.2
3781,Micros,2.1.0.27
3112,Micros,2.1.5.2
4127,Micros,2.1.5.2
2488,Micros,2.1.5.2
4402,Micros,2.1.5.2
5046,Micros,2.1.5.2
1013,Micros,2.1.5.2
3629,Micros,2.1.5.2
3460,Micros,2.1.5.2
5213,Micros,2.1.0.27
3098,Micros,2.1.5.2
3269,Micros,2.1.5.2
5761,Micros,2.1.0.27
3113,Micros,2.1.5.2
4541,Micros,2.1.5.2
4638,Micros,2.1.5.2
3444,Micros,2.1.5.2
4028,Micros,2.1.5.2
4688,Micros,2.1.5.2
4741,Micros,2.1.5.2
2232,Micros,2.1.5.2
1053,Micros,2.1.5.2
3084,Micros,2.1.5.2
3445,Micros,2.1.5.2
3617,Micros,2.1.5.2
5319,Micros,2.1.5.2
1123,Micros,2.1.5.2
4649,Micros,2.1.5.2
4783,Micros,2.1.5.2
5507,Micros,2.1.5.2
2757,Micros,2.1.5.2
1150,Micros,2.1.5.2
4333,Micros,2.1.5.2
4394,Micros,2.1.5.2
2360,Micros,2.1.5.2
3915,Micros,2.1.5.2
4148,Micros,2.1.5.2
4441,Micros,2.1.5.2
2145,Micros,2.1.5.2
3667,Micros,2.1.5.2
5702,Micros,2.1.5.2
3579,Micros,2.1.5.2
2581,Micros,2.1.5.2
3379,Micros,2.1.5.2
3559,Micros,2.1.5.2
5632,Micros,2.1.5.2
3137,Micros,2.1.5.2
5392,Micros,2.1.5.2
5441,Micros,2.1.5.2
5589,Micros,2.1.5.2
3141,Micros,2.1.0.27
2558,Micros,2.1.5.2
3988,Micros,2.1.5.2
4785,Micros,2.1.5.2
4398,Micros,2.1.5.2
1141,Micros,2.1.5.2
4446,Micros,2.1.5.2
5436,Micros,2.1.5.2
1107,Micros,2.1.0.27
2746,Micros,2.1.5.2
4723,Micros,2.1.5.2
1143,Micros,2.1.5.2
3634,Micros,2.1.5.2
3672,Micros,2.1.5.2
6028,Micros,2.1.5.2
4059,Micros,2.1.5.2
4784,Micros,2.1.5.2
4859,Micros,2.1.5.2
6029,Micros,2.1.5.2
3512,Micros,2.1.0.27
6053,Micros,2.1.5.2
2573,Micros,2.1.5.2
5079,Micros,2.1.5.2
5780,Micros,2.1.5.2
3834,Micros,2.1.5.2
4255,Micros,2.1.5.2
2585,Micros,2.1.5.2
3653,Micros,2.1.5.2
4160,Micros,2.1.5.2
1057,Micros,2.1.5.2
3427,Micros,2.1.5.2
3576,Micros,2.1.5.2
3591,Micros,2.1.5.2
4632,Micros,2.1.5.2
3441,Micros,2.1.5.2
3487,Micros,2.1.5.2
3748,Micros,2.1.5.2
4418,Micros,2.1.5.2
2678,Micros,2.1.0.27
3516,Micros,2.1.5.2
3604,Micros,2.1.5.2
3763,Micros,2.1.0.27
3778,Micros,2.1.5.2
1054,Micros,2.1.5.2
5353,Micros,2.1.0.27
4125,Micros,2.1.5.2
5440,Micros,2.1.5.2
5502,Micros,2.1.5.2
5603,Micros,2.1.5.2
6384,Micros,2.1.5.2
3106,Micros,2.1.5.2
3134,Micros,2.1.5.2
3627,Micros,2.1.5.2
5691,Micros,2.1.5.2
3044,Micros,2.1.5.2
3489,Micros,2.1.5.2
3839,Micros,2.1.5.2
4539,Micros,2.1.5.2
5367,Micros,2.1.5.2
4618,Micros,2.1.5.2
4789,Micros,2.1.5.2
4853,Micros,2.1.5.2
5011,Micros,2.1.5.2
5115,Micros,2.1.5.2
1314,Micros,2.1.5.2
1605,Micros,2.1.5.2
1318,Micros,2.1.5.2
2166,Micros,2.1.5.2
5269,Micros,2.1.5.2
2568,Micros,2.1.0.27
3900,Micros,2.1.5.2
4265,Micros,2.1.5.2
3179,Micros,2.1.5.2
3557,Micros,2.1.5.2
5268,Micros,2.1.5.2
2888,Micros,2.1.5.2
5506,Micros,2.1.0.27
1987,Micros,2.1.5.2
3207,Micros,2.1.5.2
3738,Micros,2.1.0.27
2683,Micros,2.1.5.2
1874,Micros,2.1.5.2
3043,Micros,2.1.5.2
3688,Micros,2.1.5.2
3468,Micros,2.1.5.2
5105,Micros,2.1.5.2
1702,Micros,2.1.0.27
4443,Micros,2.1.0.27
5730,Micros,2.1.0.27
3943,Micros,2.1.5.2
5389,Micros,2.1.5.2
5486,Micros,2.1.5.2
1292,Micros,2.1.5.2
2250,Micros,2.1.5.2
4765,Micros,2.1.5.2
1700,Micros,2.1.5.2
1211,Micros,2.1.5.2
2750,Micros,2.1.5.2
5891,Micros,2.1.5.2
1297,Micros,2.1.5.2
1746,Micros,2.1.5.2
3051,Micros,2.1.5.2
3386,Micros,2.1.5.2
3977,Micros,2.1.5.2
4886,Micros,2.1.5.2
3747,Micros,2.1.5.2
3055,Micros,2.1.0.27
5232,Micros,2.1.5.2
2988,Micros,2.1.5.2
3656,Micros,2.1.5.2
5235,Micros,2.1.5.2
5529,Micros,2.1.5.2
1291,Micros,2.1.5.2
3518,Micros,2.1.5.2
5159,Micros,2.1.5.2
5935,Micros,2.1.5.2
1256,Micros,2.1.5.2
2849,Micros,2.1.5.2
4214,Micros,2.1.5.2
6060,Micros,2.1.5.2
1205,Micros,2.1.0.27
3523,Micros,2.1.5.2
4955,Micros,2.1.5.2
5196,Micros,2.1.0.27
5933,Micros,2.1.0.27
1296,Micros,2.1.5.2
3049,Micros,2.1.5.2
3551,Micros,2.1.5.2
5271,Micros,2.1.5.2
1210,Micros,2.1.5.2
2854,Micros,2.1.5.2
1903,Micros,2.1.5.2
6430,Micros,2.1.5.2
6436,Micros,2.1.5.2
5951,Micros,2.1.5.2
4187,Micros,2.1.5.2
3519,Micros,2.1.5.2
5868,Micros,2.1.5.2
6447,Micros,2.1.5.2
6468,Micros,2.1.5.2
2666,Micros,2.1.5.2
6278,Micros,2.1.5.2
5093,Micros,2.1.5.2
6458,Micros,2.1.5.2
4645,Micros,2.1.5.2
6467,Micros,2.1.5.2
2698,Micros,2.1.5.2
6443,Micros,2.1.5.2
6457,Micros,2.1.5.2
6462,Micros,2.1.5.2
6449,Micros,2.1.5.2
6453,Micros,2.1.5.2
6426,Micros,2.1.5.2
1953,Micros,2.1.5.2
1886,Micros,2.1.5.2
4900,Micros,2.1.5.2
3886,Micros,2.1.5.2
3005,Micros,2.1.5.2
2637,Micros,2.1.5.2
6290,Micros,2.1.5.2
4728,Micros,2.1.5.2
3552,Micros,2.1.5.2
1829,Micros,2.1.5.2
4819,Micros,2.1.5.2
4601,Micros,Pending Connection
2397,Micros,2.1.5.2
4097,Micros,2.1.5.2
1723,Micros,2.1.5.2
1663,Micros,2.1.5.2
5414,Micros,2.1.5.2
5906,Micros,2.1.5.2
5120,Micros,2.1.5.2
1742,Micros,2.1.5.2
1630,Micros,2.1.5.2
4475,Micros,2.1.5.2
1236,Micros,2.1.5.2
5685,Micros,2.1.5.2
6234,Micros,2.1.5.2
3910,Micros,2.1.5.2
4933,Micros,2.1.5.2
2170,Micros,2.1.5.2
2569,Micros,2.1.5.2
2842,Micros,2.1.5.2
2697,Micros,2.1.5.2
1750,Micros,2.1.5.2
4812,Micros,2.1.5.2
5980,Micros,2.1.0.27
6424,Micros,2.1.5.2
1862,Micros,2.1.5.2
4800,Micros,2.1.5.2
5765,Micros,2.1.5.2
4778,Micros,2.1.5.2
1891,Micros,2.1.5.2
1487,Micros,2.1.5.2
1947,Micros,2.1.5.2
4292,Micros,2.1.5.2
5399,Micros,2.1.5.2
5582,Micros,2.1.5.2
4057,Micros,2.1.5.2
2556,Micros,2.1.5.2
5373,Micros,2.1.5.2
4135,Micros,2.1.5.2
3457,Micros,2.1.0.27
2771,Micros,2.1.5.2
3205,Micros,2.1.5.2
1955,Micros,2.1.5.2
3189,Micros,2.1.5.2
2070,Micros,2.1.5.2
1559,Micros,2.1.5.2
4630,Micros,2.1.5.2
6309,Micros,2.1.5.2
3321,Micros,2.1.5.2
3458,Micros,2.1.5.2
3772,Micros,2.1.5.2
5195,Micros,2.1.5.2
5844,Micros,2.1.5.2
2120,Micros,2.1.5.2
3229,Micros,2.1.5.2
4251,Micros,2.1.5.2
4259,Micros,2.1.5.2
5357,Micros,2.1.5.2
3587,Micros,2.1.5.2
3992,Micros,2.1.5.2
2638,Micros,2.1.5.2
4671,Micros,2.1.5.2
5736,Micros,2.1.5.2
5992,Micros,2.1.5.2
1802,Micros,2.1.5.2
1991,Micros,2.1.5.2
2877,Micros,2.1.5.2
3000,Micros,2.1.5.2
4466,Micros,2.1.5.2
2594,Micros,2.1.5.2
2084,Micros,2.1.5.2
3904,Micros,2.1.5.2
1984,Micros,2.1.5.2
1587,Micros,2.1.5.2
5488,Micros,2.1.5.2
2830,Micros,2.1.5.2
3533,Micros,2.1.5.2
3874,Micros,2.1.5.2
5555,Micros,2.1.5.2
5968,Micros,2.1.5.2
3956,Micros,2.1.5.2
4215,Micros,2.1.5.2
5792,Micros,2.1.5.2
6432,Micros,2.1.5.2
3866,Micros,2.1.5.2
4002,Micros,2.1.5.2
5272,Micros,2.1.5.2
2156,Micros,2.1.5.2
3638,Micros,2.1.5.2
5897,Micros,2.1.5.2
6363,Micros,2.1.5.2
5289,Micros,2.1.5.2
5737,Micros,2.1.5.2
4590,Micros,2.1.5.2
5069,Micros,2.1.5.2
3313,Micros,2.1.5.2
1925,Micros,2.1.5.2
2752,Micros,2.1.5.2
4568,Micros,2.1.5.2
5013,Micros,2.1.0.27
3726,Micros,2.1.5.2
5343,Micros,2.1.0.27
3356,Micros,2.1.0.27
4948,Micros,2.1.5.2
2501,Micros,2.1.5.2
5813,Micros,2.1.5.2
6211,Micros,2.1.5.2
1586,Micros,2.1.5.2
4780,Micros,2.1.5.2
4931,Micros,2.1.5.2
5361,Micros,2.1.5.2
1269,Micros,2.1.5.2
2767,Micros,2.1.5.2
3588,Micros,2.1.5.2
1808,Micros,2.1.5.2
3133,Micros,2.1.5.2
4941,Micros,2.1.5.2
5909,Micros,2.1.5.2
2366,Micros,2.1.5.2
3979,Micros,2.1.0.27
5483,Micros,2.1.0.27
2562,Micros,2.1.5.2
3104,Micros,2.1.5.2
4909,Micros,2.1.5.2
3534,Micros,2.1.5.2
2427,Micros,2.1.5.2
5900,Micros,2.1.5.2
3503,Micros,2.1.5.2
1706,Micros,2.1.5.2
6210,Micros,2.1.5.2
1821,Micros,2.1.5.2
5580,Micros,2.1.5.2
2200,Micros,2.1.5.2
1570,Micros,2.1.5.2
1583,Micros,2.1.5.2
1684,Micros,2.1.0.27
2351,Micros,2.1.5.2
2350,Micros,2.1.5.2
3697,Micros,2.1.5.2
4134,Micros,2.1.5.2
3504,Micros,2.1.5.2
2818,Micros,2.1.5.2
2997,Micros,2.1.5.2
1036,Micros,2.1.0.27
2713,Micros,2.1.5.2
2769,Micros,2.1.5.2
3865,Micros,2.1.5.2
4982,Micros,2.1.5.2
3687,Micros,2.1.5.2
4086,Micros,2.1.5.2
5499,Micros,2.1.5.2
1500,Micros,2.1.0.27
4243,Micros,2.1.5.2
5417,Micros,2.1.5.2
5351,Micros,2.1.5.2
5767,Micros,2.1.5.2
5057,Micros,2.1.5.2
3949,Micros,2.1.5.2
5556,Micros,2.1.5.2
3631,Micros,2.1.5.2
1913,Micros,2.1.5.2
2580,Micros,2.1.5.2
3636,Micros,2.1.5.2
2274,Micros,2.1.5.2
2269,Micros,2.1.5.2
1560,Micros,2.1.5.2
3486,Micros,2.1.5.2
1863,Micros,2.1.5.2
3996,Micros,2.1.5.2
4921,Micros,2.1.5.2
5524,Micros,2.1.5.2
4082,Micros,2.1.5.2
4289,Micros,2.1.5.2
3966,Micros,2.1.5.2
5377,Micros,2.1.5.2
2786,Micros,2.1.5.2
4218,Micros,2.1.5.2
6254,Micros,2.1.5.2
2576,Micros,2.1.5.2
4790,Micros,2.1.0.27
1557,Micros,2.1.5.2
3832,Micros,2.1.5.2
3219,Micros,2.1.5.2
4843,Micros,2.1.5.2
1816,Micros,2.1.5.2
4777,Micros,2.1.5.2
2827,Micros,2.1.5.2
3461,Micros,2.1.5.2
1809,Micros,2.1.5.2
1076,Micros,2.1.5.2
2600,Micros,2.1.5.2
3838,Micros,2.1.5.2
6476,Micros,2.1.5.2
1772,Micros,2.1.5.2
3239,Micros,2.1.5.2
5857,Micros,2.1.5.2
1718,Micros,2.1.5.2
5809,Micros,2.1.5.2
1490,Micros,2.1.5.2
3948,Micros,2.1.5.2
1242,Micros,2.1.5.2
4317,Micros,2.1.5.2
2628,Micros,2.1.0.27
5638,Micros,2.1.5.2
3228,Micros,2.1.5.2
5251,Micros,2.1.5.2
1618,Micros,2.1.0.27
2279,Micros,2.1.5.2
4078,Micros,2.1.5.2
4225,Micros,2.1.5.2
5501,Micros,2.1.5.2
2734,Micros,2.1.5.2
3985,Micros,2.1.5.2
2175,Micros,2.1.5.2
2679,Micros,2.1.5.2
2805,Micros,2.1.5.2
4779,Micros,2.1.5.2
6511,Micros,2.1.5.2
1167,Micros,2.1.5.2
1766,Micros,2.1.0.27
3289,Micros,2.1.5.2
4048,Micros,2.1.5.2
4209,Micros,2.1.5.2
2992,Micros,2.1.5.2
3069,Micros,2.1.5.2
4729,Micros,2.1.0.27
5060,Micros,2.1.5.2
5383,Micros,2.1.5.2
2090,Micros,2.1.5.2
5187,Micros,2.1.5.2
5169,Micros,2.1.5.2
2814,Micros,2.1.5.2
2953,Micros,2.1.5.2
1566,Micros,2.1.0.27
6069,Micros,2.1.5.2
1240,Micros,2.1.5.2
2620,Micros,2.1.5.2
6389,Micros,2.1.5.2
2029,Micros,2.1.5.2
2353,Micros,2.1.5.2
2951,Micros,2.1.5.2
3253,Micros,2.1.5.2
5533,Micros,2.1.5.2
1757,Micros,2.1.5.2
2722,Micros,2.1.5.2
5494,Micros,2.1.5.2
3466,Micros,2.1.5.2
4248,Micros,2.1.5.2
3828,Micros,2.1.5.2
6417,Micros,2.1.5.2
1600,Micros,2.1.5.2
5163,Micros,2.1.0.27
2414,Micros,2.1.5.2
2695,Micros,2.1.5.2
2265,Micros,2.1.5.2
3893,Micros,2.1.5.2
5752,Micros,2.1.5.2
3654,Micros,2.1.5.2
4070,Micros,2.1.5.2
2071,Micros,2.1.5.2
6396,Micros,2.1.5.2
1058,Micros,2.1.5.2
4169,Micros,2.1.5.2
3367,Micros,2.1.5.2
4309,Micros,2.1.5.2
2401,Micros,2.1.5.2
2141,Micros,2.1.5.2
5010,Micros,2.1.5.2
3701,Micros,2.1.5.2
3971,Micros,2.1.5.2
6482,Micros,2.1.5.2
2937,Micros,2.1.5.2
4469,Micros,2.1.0.27
5790,Micros,2.1.5.2
4296,Micros,2.1.5.2
4453,Micros,2.1.5.2
1585,Micros,2.1.5.2
6475,Micros,2.1.5.2
2308,Micros,2.1.0.27
2358,Micros,2.1.5.2
1669,Micros,2.1.5.2
1704,Micros,2.1.5.2
4047,Micros,2.1.5.2
3317,Micros,2.1.5.2
2845,Micros,2.1.5.2
1927,Micros,2.1.5.2
2013,Micros,2.1.5.2
1632,Micros,2.1.5.2
2355,Micros,2.1.5.2
1688,Micros,2.1.5.2
5245,Micros,2.1.5.2
6456,Micros,2.1.0.27
6455,Micros,2.1.5.2
6503,Micros,2.1.5.2
3280,Micros,2.1.5.2
3547,Micros,2.1.5.2
2875,Micros,2.1.5.2
3825,Micros,2.1.5.2
1556,Micros,2.1.5.2
2088,Micros,2.1.5.2
3967,Micros,2.1.5.2
1835,Micros,2.1.5.2
2960,Micros,2.1.5.2
5759,Micros,2.1.5.2
2653,Micros,2.1.5.2
3463,Micros,2.1.5.2
3234,Micros,2.1.5.2
2143,Micros,2.1.5.2
3462,Micros,2.1.5.2
4648,Micros,2.1.5.2
5756,Micros,2.1.5.2
4247,Micros,2.1.5.2
5334,Micros,2.1.5.2
5415,Micros,2.1.5.2
6123,Micros,2.1.5.2
2445,Micros,2.1.5.2
3954,Micros,2.1.5.2
1640,Micros,2.1.5.2
2648,Micros,2.1.5.2
4417,Micros,2.1.5.2
4593,Micros,2.1.5.2
2007,Micros,2.1.5.2
1800,Micros,2.1.5.2
2837,Micros,2.1.5.2
4331,Micros,2.1.5.2
1082,Micros,2.1.0.27
2735,Micros,2.1.5.2
3847,Micros,2.1.5.2
2364,Micros,2.1.5.2
3397,Micros,2.1.5.2
4274,Micros,2.1.5.2
3263,Micros,2.1.5.2
4425,Micros,2.1.5.2
2223,Micros,2.1.5.2
3787,Micros,2.1.0.27
4587,Micros,2.1.5.2
1730,Micros,2.1.5.2
4422,Micros,2.1.5.2
2330,Micros,2.1.5.2
4356,Micros,2.1.5.2
1721,Micros,2.1.5.2
3454,Micros,2.1.0.27
3830,Micros,2.1.5.2
4500,Micros,2.1.5.2
5811,Micros,2.1.5.2
1620,Micros,2.1.5.2
4282,Micros,2.1.5.2
1609,Micros,2.1.5.2
4501,Micros,2.1.0.27
5551,Micros,2.1.5.2
6122,Micros,2.1.5.2
4371,Micros,2.1.5.2
1820,Micros,2.1.5.2
3622,Micros,2.1.5.2
4602,Micros,2.1.5.2
5037,Micros,2.1.5.2
2566,Micros,2.1.5.2
3810,Micros,2.1.5.2
1956,Micros,2.1.5.2
2283,Micros,2.1.5.2
4872,Micros,2.1.5.2
5739,Micros,2.1.0.27
5762,Micros,2.1.5.2
2964,Micros,2.1.5.2
1071,Micros,2.1.5.2
1614,Micros,2.1.5.2
6473,Micros,2.1.5.2
2736,Micros,2.1.5.2
4275,Micros,2.1.0.27
4634,Micros,2.1.5.2
4788,Micros,2.1.5.2
3515,Micros,2.1.5.2
6296,Micros,2.1.0.27
4061,Micros,2.1.5.2
4450,Micros,2.1.5.2
4891,Micros,2.1.5.2
5626,Micros,2.1.5.2
2382,Micros,2.1.5.2
5973,Micros,2.1.5.2
3840,Micros,2.1.5.2
4252,Micros,2.1.5.2
2670,Micros,2.1.5.2
4116,Micros,2.1.5.2
4871,Micros,2.1.5.2
6027,Micros,2.1.5.2
6126,Micros,2.1.5.2
1549,Micros,2.1.5.2
1631,Micros,2.1.5.2
1908,Micros,2.1.5.2
5482,Micros,2.1.5.2
3118,Micros,2.1.0.27
4167,Micros,2.1.5.2
5774,Micros,2.1.5.2
4764,Micros,2.1.5.2
1934,Micros,2.1.5.2
5020,Micros,2.1.5.2
4326,Micros,2.1.5.2
5528,Micros,2.1.5.2
6157,Micros,2.1.5.2
3573,Micros,2.1.5.2
1840,Micros,2.1.5.2
2213,Micros,2.1.5.2
4751,Micros,2.1.5.2
1893,Micros,2.1.5.2
5655,Micros,2.1.5.2
1749,Micros,2.1.5.2
1705,Micros,2.1.5.2
2780,Micros,2.1.5.2
4080,Micros,2.1.5.2
4040,Micros,2.1.5.2
6496,Micros,2.1.5.2
1283,Micros,2.1.5.2
1617,Micros,2.1.5.2
6497,Micros,2.1.5.2
2118,Micros,2.1.5.2
3782,Micros,2.1.0.27
3776,Micros,2.1.5.2
3771,Micros,2.1.5.2
6570,Micros,2.1.5.2
5003,Micros,2.1.5.2
2459,Micros,2.1.5.2
1961,Micros,2.1.0.27
6367,Micros,2.1.0.27
1992,Micros,2.1.5.2
1985,Micros,2.1.5.2
3378,Micros,2.1.5.2
3917,Micros,2.1.0.27
3041,Micros,2.1.0.27
3995,Micros,2.1.0.27
3871,Micros,2.1.0.27
2496,Micros,2.1.0.27
2685,Micros,2.1.5.2
1021,Micros,2.1.5.2
5109,Micros,Pending Connection
1258,Micros,2.1.0.27
3373,Micros,2.1.0.27
6224,Micros,2.1.5.2
4899,Micros,2.1.0.27
4136,Micros,2.1.0.27
4060,Micros,2.1.0.27
5333,Micros,2.1.0.27
3851,Micros,2.1.0.27
4043,Micros,2.1.0.27
4575,Micros,2.1.0.27
1839,Micros,2.1.0.27
2943,Micros,2.1.0.27
3841,Micros,2.1.0.27
4896,Micros,2.1.0.27
2976,Micros,2.1.0.27
3376,Micros,2.1.0.27
3465,Micros,2.1.0.27
5703,Micros,2.1.0.27
2955,Micros,2.1.0.27
3898,Micros,2.1.0.27
5210,Micros,2.1.0.27
2970,Micros,2.1.0.27
5918,Micros,2.1.0.27
2873,Micros,2.1.0.27
5158,Micros,2.1.0.27
2952,Micros,2.1.0.27
2950,Micros,2.1.0.27
3318,Micros,2.1.0.27
5676,Micros,2.1.0.27
2904,Micros,2.1.0.27
2965,Micros,2.1.0.27
3381,Micros,2.1.0.27
3709,Micros,2.1.0.27
2981,Micros,2.1.0.27
3659,Micros,2.1.0.27
5439,Micros,2.1.0.27
2973,Micros,2.1.0.27
5214,Micros,2.1.0.27
1516,Micros,2.1.5.2
3532,Micros,2.1.0.27
3630,Micros,2.1.0.27
3933,Micros,2.1.0.27
2959,Micros,2.1.0.27
2958,Micros,2.1.0.27
3816,Micros,2.1.0.27
4276,Micros,2.1.0.27
5826,Micros,2.1.0.27
5265,Micros,2.1.0.27
5391,Micros,2.1.0.27
5472,Micros,2.1.0.27
2869,Micros,2.1.0.27
3696,Micros,2.1.0.27
3849,Micros,2.1.0.27
4375,Micros,2.1.0.27
4451,Micros,2.1.0.27
4117,Micros,2.1.0.27
1221,Micros,2.1.0.27
2971,Micros,2.1.0.27
2983,Micros,2.1.0.27
4094,Micros,2.1.0.27
4869,Micros,2.1.0.27
1265,Micros,2.1.0.27
5110,Micros,2.1.0.27
5134,Micros,2.1.0.27
2949,Micros,2.1.0.27
2962,Micros,2.1.0.27
1017,Micros,2.1.0.27
1033,Micros,2.1.5.2
1103,Micros,2.1.0.27
5753,Micros,2.1.5.2
4760,Micros,2.1.0.27
5212,Micros,2.1.0.27
3498,Micros,2.1.0.27
5070,Micros,2.1.0.27
3934,Micros,2.1.0.27
3469,Micros,2.1.0.27
1144,Micros,2.1.0.27
4368,Micros,2.1.0.27
1146,Micros,2.1.0.27
4121,Micros,2.1.0.27
4161,Micros,2.1.0.27
4396,Micros,2.1.0.27
1252,Micros,2.1.0.27
3671,Micros,2.1.0.27
4128,Micros,2.1.0.27
5012,Micros,2.1.0.27
4206,Micros,2.1.0.27
5585,Micros,2.1.0.27
4429,Micros,2.1.0.27
4376,Micros,2.1.0.27
5047,Micros,2.1.0.27
5211,Micros,2.1.0.27
1129,Micros,2.1.0.27
2319,Micros,2.1.0.27
1128,Micros,2.1.0.27
2094,Micros,2.1.0.27
5455,Micros,2.1.0.27
5783,Micros,2.1.0.27
1056,Micros,2.1.5.2
1104,Micros,2.1.5.2
5565,Micros,2.1.0.27
3339,Micros,2.1.0.27
1588,Micros,2.1.5.2
3560,Micros,2.1.5.2
5250,Micros,2.1.0.27
5784,Micros,2.1.0.27
4306,Micros,2.1.0.27
5587,Micros,2.1.0.27
5487,Micros,2.1.5.2
4620,Micros,2.1.5.2
1234,Micros,2.1.0.27
1122,Micros,2.1.5.2
5422,Micros,2.1.0.27
5435,Micros,2.1.0.27
1014,Micros,2.1.5.2
1025,Micros,2.1.5.2
6202,Micros,2.1.5.2
1045,Micros,2.1.0.27
3210,Micros,2.1.0.27
5557,Micros,2.1.0.27
6445,Micros,2.1.0.27
1207,Micros,2.1.5.2
1237,Micros,2.1.0.27
4685,Micros,2.1.0.27
5504,Micros,2.1.0.27
3214,Micros,2.1.0.27
5408,Micros,2.1.0.27
1244,Micros,2.1.0.27
3161,Micros,2.1.0.27
3177,Micros,2.1.0.27
3420,Micros,2.1.0.27
4099,Micros,2.1.0.27
1295,Micros,2.1.5.2
4747,Micros,2.1.0.27
5602,Micros,2.1.0.27
5287,Micros,2.1.0.27
5409,Micros,2.1.0.27
1155,Micros,2.1.0.27
3829,Micros,2.1.0.27
4431,Micros,2.1.0.27
5644,Micros,2.1.0.27
4212,Micros,2.1.0.27
1488,Micros,2.1.0.27
4550,Micros,2.1.0.27
3443,Micros,2.1.0.27
2968,Micros,2.1.0.27
4329,Micros,2.1.0.27
5094,Micros,2.1.0.27
4383,Micros,2.1.0.27
4879,Micros,2.1.0.27
4878,Micros,2.1.0.27
4854,Micros,2.1.0.27
4926,Micros,2.1.0.27
3192,Micros,2.1.0.27
4767,Micros,2.1.0.27
4902,Micros,2.1.0.27
4633,Micros,2.1.0.27
5024,Micros,2.1.0.27
4370,Micros,2.1.0.27
4935,Micros,2.1.0.27
4330,Micros,2.1.0.27
4841,Micros,2.1.0.27
4615,Micros,2.1.0.27
4907,Micros,2.1.0.27
4085,Micros,2.1.0.27
4423,Micros,2.1.0.27
6439,Micros,2.1.0.27
3541,Micros,2.1.0.27
4738,Micros,2.1.0.27
3123,Micros,2.1.0.27
4024,Micros,2.1.0.27
1181,Micros,2.1.0.27
5323,Micros,2.1.0.27
5799,Micros,2.1.0.27
1764,Micros,2.1.0.27
5817,Micros,2.1.0.27
1512,Micros,2.1.0.27
5326,Micros,2.1.0.27
6446,Micros,2.1.0.27
6474,Micros,2.1.0.27
2465,Micros,2.1.0.27
3415,Micros,2.1.0.27
1719,Micros,2.1.0.27
2617,Micros,2.1.0.27
3814,Micros,2.1.0.27
2463,Micros,2.1.0.27
4825,Micros,2.1.0.27
5384,Micros,2.1.0.27
2167,Micros,2.1.0.27
2441,Micros,2.1.0.27
1722,Micros,2.1.0.27
5610,Micros,2.1.0.27
1882,Micros,2.1.0.27
1922,Micros,2.1.0.27
2939,Micros,2.1.0.27
6098,Micros,2.1.0.27
1951,Micros,2.1.0.27
2863,Micros,2.1.0.27
4115,Micros,2.1.0.27
5834,Micros,2.1.0.27
6485,Micros,2.1.0.27
3806,Micros,2.1.0.27
5082,Micros,2.1.0.27
5605,Micros,2.1.0.27
3745,Micros,2.1.0.27
3936,Micros,2.1.0.27
5116,Micros,2.1.0.27
1602,Micros,2.1.0.27
2847,Micros,2.1.0.27
4976,Micros,2.1.0.27
6043,Micros,2.1.0.27
1936,Micros,2.1.0.27
3292,Micros,2.1.0.27
6072,Micros,2.1.0.27
1945,Micros,2.1.0.27
2303,Micros,2.1.0.27
4477,Micros,2.1.0.27
5313,Micros,2.1.0.27
1034,Micros,2.1.0.27
4195,Micros,2.1.0.27
2312,Micros,2.1.0.27
2528,Micros,2.1.0.27
2158,Micros,2.1.0.27
2987,Micros,2.1.0.27
5316,Micros,2.1.0.27
2914,Micros,2.1.0.27
2038,Micros,2.1.0.27
3120,Micros,2.1.0.27
6461,Micros,2.1.0.27
5119,Micros,2.1.0.27
3739,Micros,2.1.0.27
4797,Micros,2.1.0.27
1759,Micros,2.1.0.27
2876,Micros,2.1.0.27
5100,Micros,2.1.0.27
1720,Micros,2.1.0.27
5957,Micros,2.1.0.27
4172,Micros,2.1.0.27
4359,Micros,2.1.0.27
4817,Micros,2.1.0.27
5514,Micros,2.1.0.27
1312,Micros,2.1.0.27
5848,Micros,2.1.0.27
5843,Micros,2.1.0.27
2846,Micros,2.1.0.27
3212,Micros,2.1.0.27
5631,Micros,2.1.0.27
5819,Micros,2.1.0.27
3176,Micros,2.1.0.27
3211,Micros,2.1.0.27
6187,Micros,2.1.0.27
5537,Micros,2.1.0.27
1611,Micros,2.1.0.27
3581,Micros,2.1.0.27
5636,Micros,2.1.0.27
6040,Micros,2.1.0.27
3476,Micros,2.1.0.27
1023,Micros,2.1.0.27
6450,Micros,2.1.0.27
3159,Micros,2.1.0.27
4426,Micros,2.1.0.27
1066,Micros,2.1.0.27
3208,Micros,2.1.0.27
4515,Micros,2.1.0.27
4611,Micros,2.1.0.27
1519,Micros,2.1.0.27
6288,Micros,2.1.0.27
3424,Micros,2.1.0.27
5157,Micros,2.1.0.27
5467,Micros,2.1.0.27
1543,Micros,2.1.0.27
5454,Micros,2.1.0.27
5206,Micros,2.1.0.27
1850,Micros,2.1.0.27
2064,Micros,2.1.0.27
3749,Micros,2.1.0.27
5663,Micros,2.1.0.27
5766,Micros,2.1.0.27
6505,Micros,2.1.0.27
3704,Micros,2.1.0.27
4113,Micros,2.1.0.27
5715,Micros,2.1.0.27
4053,Micros,2.1.0.27
4770,Micros,2.1.0.27
5086,Micros,2.1.0.27
1275,Micros,2.1.0.27
2012,Micros,2.1.0.27
4818,Micros,2.1.0.27
4972,Micros,2.1.0.27
2686,Micros,2.1.0.27
2687,Micros,2.1.0.27
2712,Micros,2.1.0.27
4193,Micros,2.1.0.27
6437,Micros,2.1.0.27
4732,Micros,2.1.0.27
4755,Micros,2.1.0.27
5740,Micros,2.1.0.27
2684,Micros,2.1.0.27
3453,Micros,2.1.0.27
4667,Micros,2.1.0.27
5331,Micros,2.1.0.27
2662,Micros,2.1.0.27
2754,Micros,2.1.0.27
5061,Micros,2.1.0.27
5149,Micros,2.1.0.27
5545,Micros,2.1.0.27
4168,Micros,2.1.0.27
5546,Micros,2.1.0.27
2680,Micros,2.1.0.27
5541,Micros,2.1.0.27
1204,Micros,2.1.0.27
4916,Micros,2.1.0.27
2448,Micros,2.1.0.27
3202,Micros,2.1.0.27
3357,Micros,2.1.0.27
4644,Micros,2.1.0.27
2631,Micros,2.1.0.27
4390,Micros,2.1.0.27
3930,Micros,2.1.0.27
4621,Micros,2.1.0.27
5095,Micros,2.1.0.27
5312,Micros,2.1.0.27
4642,Micros,2.1.0.27
5278,Micros,2.1.0.27
5021,Micros,2.1.0.27
5476,Micros,2.1.0.27
3797,Micros,2.1.0.27
6226,Micros,2.1.0.27
3418,Micros,2.1.0.27
4727,Micros,2.1.0.27
4347,Micros,2.1.0.27
6183,Micros,2.1.0.27
2676,Micros,2.1.0.27
1212,Micros,2.1.0.27
3014,Micros,2.1.0.27
3075,Micros,2.1.0.27
4929,Micros,2.1.0.27
4829,Micros,2.1.0.27
3232,Micros,2.1.0.27
5481,Micros,2.1.0.27
3994,Micros,2.1.0.27
6530,Micros,2.1.0.27
2850,Micros,2.1.0.27
1960,Micros,2.1.0.27
2521,Micros,2.1.0.27
5297,Micros,2.1.0.27
6336,Micros,2.1.0.27
3753,Micros,2.1.0.27
1489,Micros,2.1.0.27
2894,Micros,2.1.0.27
3096,Micros,2.1.0.27
5910,Micros,2.1.0.27
2599,Micros,2.1.0.27
4308,Micros,2.1.0.27
1634,Micros,2.1.0.27
5302,Micros,2.1.0.27
2056,Micros,2.1.0.27
2403,Micros,2.1.0.27
6083,Micros,2.1.0.27
3225,Micros,2.1.0.27
2796,Micros,2.1.0.27
3136,Micros,2.1.0.27
1022,Micros,2.1.0.27
4072,Micros,2.1.0.27
3180,Micros,2.1.0.27
4936,Micros,2.1.0.27
2793,Micros,2.1.0.27
6037,Micros,2.1.0.27
6488,Micros,2.1.0.27
3554,Micros,2.1.0.27
3955,Micros,2.1.0.27
4530,Micros,2.1.0.27
6536,Micros,2.1.0.27
2309,Micros,2.1.0.27
4223,Micros,2.1.0.27
5652,Micros,2.1.0.27
1959,Micros,2.1.0.27
4876,Micros,2.1.0.27
5741,Micros,2.1.0.27
2097,Micros,2.1.0.27
3640,Micros,2.1.0.27
5723,Micros,2.1.0.27
3679,Micros,2.1.0.27
3724,Micros,2.1.0.27
2565,Micros,2.1.0.27
2652,Micros,2.1.0.27
2343,Micros,2.1.0.27
2833,Micros,2.1.0.27
4229,Micros,2.1.0.27
4981,Micros,2.1.0.27
1175,Micros,2.1.0.27
2702,Micros,2.1.0.27
2057,Micros,2.1.0.27
5448,Micros,2.1.0.27
2179,Micros,2.1.0.27
4428,Micros,2.1.0.27
3643,Micros,2.1.0.27
4273,Micros,2.1.0.27
4430,Micros,2.1.0.27
2446,Micros,2.1.0.27
2541,Micros,2.1.0.27
3139,Micros,2.1.0.27
2293,Micros,2.1.0.27
2163,Micros,2.1.0.27
5615,Micros,2.1.0.27
1131,Micros,2.1.0.27
3785,Micros,2.1.0.27
3960,Micros,2.1.0.27
3329,Micros,2.1.0.27
3880,Micros,2.1.0.27
5643,Micros,2.1.0.27
2123,Micros,2.1.0.27
2323,Micros,2.1.0.27
3889,Micros,2.1.0.27
4963,Micros,2.1.0.27
1946,Micros,2.1.0.27
2241,Micros,2.1.0.27
6033,Micros,2.1.0.27
6354,Micros,2.1.0.27
1643,Micros,2.1.0.27
2658,Micros,2.1.0.27
2835,Micros,2.1.0.27
2807,Micros,2.1.0.27
2024,Micros,2.1.0.27
3230,Micros,2.1.0.27
2149,Micros,2.1.0.27
2470,Micros,2.1.0.27
3645,Micros,2.1.0.27
4411,Micros,2.1.0.27
4624,Micros,2.1.0.27
5531,Micros,2.1.0.27
4035,Micros,2.1.0.27
1962,Micros,2.1.0.27
5126,Micros,2.1.0.27
5114,Micros,2.1.0.27
6055,Micros,2.1.0.27
6124,Micros,2.1.0.27
4241,Micros,2.1.0.27
2590,Micros,2.1.0.27
3102,Micros,2.1.0.27
3241,Micros,2.1.0.27
3464,Micros,2.1.0.27
4045,Micros,2.1.0.27
5145,Micros,2.1.0.27
2891,Micros,2.1.0.27
4464,Micros,2.1.0.27
5786,Micros,2.1.0.27
2395,Micros,2.1.0.27
4571,Micros,2.1.0.27
1703,Micros,2.1.0.27
2189,Micros,2.1.0.27
3231,Micros,2.1.0.27
3984,Micros,2.1.0.27
4076,Micros,2.1.0.27
1576,Micros,2.1.0.27
1685,Micros,2.1.0.27
4026,Micros,2.1.0.27
2226,Micros,2.1.0.27
2957,Micros,2.1.0.27
4967,Micros,2.1.0.27
5107,Micros,2.1.0.27
6321,Micros,2.1.0.27
1078,Micros,2.1.0.27
4689,Micros,2.1.0.27
4946,Micros,2.1.0.27
5511,Micros,2.1.0.27
2421,Micros,2.1.0.27
3555,Micros,2.1.0.27
3637,Micros,2.1.0.27
2563,Micros,2.1.0.27
4144,Micros,2.1.0.27
3735,Micros,2.1.0.27
4646,Micros,2.1.0.27
6307,Micros,2.1.0.27
5451,Micros,2.1.0.27
5708,Micros,2.1.0.27
1796,Micros,2.1.0.27
2410,Micros,2.1.0.27
6042,Micros,2.1.0.27
3548,Micros,2.1.0.27
1580,Micros,2.1.0.27
1687,Micros,2.1.0.27
5411,Micros,2.1.0.27
1154,Micros,2.1.0.27
6520,Micros,2.1.0.27
5584,Micros,2.1.0.27
5791,Micros,2.1.0.27
6193,Micros,2.1.0.27
6397,Micros,2.1.0.27
5479,Micros,2.1.0.27
3138,Micros,2.1.0.27
1574,Micros,2.1.0.27
2124,Micros,2.1.0.27
2770,Micros,2.1.0.27
2996,Micros,2.1.0.27
5244,Micros,2.1.0.27
3396,Micros,2.1.0.27
4392,Micros,2.1.0.27
4518,Micros,2.1.0.27
1815,Micros,2.1.0.27
3323,Micros,2.1.0.27
3510,Micros,2.1.0.27
4750,Micros,2.1.0.27
1770,Micros,2.1.0.27
4165,Micros,2.1.0.27
5264,Micros,2.1.0.27
4009,Micros,2.1.0.27
2379,Micros,2.1.0.27
2063,Micros,2.1.0.27
1534,Micros,2.1.0.27
2874,Micros,2.1.0.27
2969,Micros,2.1.0.27
5468,Micros,2.1.0.27
2215,Micros,2.1.0.27
2506,Micros,2.1.0.27
2946,Micros,2.1.0.27
3255,Micros,2.1.0.27
4042,Micros,2.1.0.27
4194,Micros,2.1.0.27
6038,Micros,2.1.0.27
2128,Micros,2.1.0.27
2373,Micros,2.1.0.27
3848,Micros,2.1.0.27
1635,Micros,2.1.0.27
5948,Micros,2.1.0.27
3372,Micros,2.1.0.27
3553,Micros,2.1.0.27
3905,Micros,2.1.0.27
5452,Micros,2.1.0.27
2310,Micros,2.1.0.27
2825,Micros,2.1.0.27
2821,Micros,2.1.0.27
3018,Micros,2.1.0.27
4433,Micros,2.1.0.27
2704,Micros,2.1.0.27
4752,Micros,2.1.0.27
5554,Micros,2.1.0.27
2136,Micros,2.1.0.27
5917,Micros,2.1.0.27
4178,Micros,2.1.0.27
1281,Micros,2.1.0.27
2107,Micros,2.1.0.27
2473,Micros,2.1.0.27
2766,Micros,2.1.0.27
3520,Micros,2.1.0.27
4498,Micros,2.1.0.27
5662,Micros,2.1.0.27
2010,Micros,2.1.0.27
6002,Micros,2.1.0.27
6246,Micros,2.1.0.27
5818,Micros,2.1.0.27
1641,Micros,2.1.0.27
1120,Micros,2.1.0.27
2608,Micros,2.1.0.27
3023,Micros,2.1.0.27
1046,Micros,2.1.0.27
3846,Micros,2.1.0.27
3028,Micros,2.1.0.27
4263,Micros,2.1.0.27
4668,Micros,2.1.0.27
5292,Micros,2.1.0.27
5363,Micros,2.1.0.27
6217,Micros,2.1.0.27
2104,Micros,2.1.0.27
6546,Micros,2.1.0.27
3715,Micros,2.1.0.27
3477,Micros,2.1.0.27
1683,Micros,2.1.0.27
3970,Micros,2.1.0.27
5274,Micros,2.1.0.27
5680,Micros,2.1.0.27
6362,Micros,2.1.0.27
1268,Micros,2.1.0.27
1648,Micros,2.1.0.27
3861,Micros,2.1.0.27
4906,Micros,2.1.0.27
1651,Micros,2.1.0.27
1565,Micros,2.1.0.27
1751,Micros,2.1.0.27
5058,Micros,2.1.0.27
5132,Micros,2.1.0.27
5362,Micros,2.1.0.27
3388,Micros,2.1.0.27
3754,Micros,2.1.0.27
5052,Micros,2.1.0.27
5398,Micros,2.1.0.27
2511,Micros,2.1.0.27
2840,Micros,2.1.0.27
4176,Micros,2.1.0.27
5960,Micros,2.1.0.27
6194,Micros,2.1.0.27
5471,Micros,2.1.0.27
3293,Micros,2.1.0.27
1599,Micros,2.1.0.27
2800,Micros,2.1.0.27
5261,Micros,2.1.0.27
1136,Micros,2.1.0.27
4774,Micros,2.1.0.27
4925,Micros,2.1.0.27
5460,Micros,2.1.0.27
6314,Micros,2.1.0.27
6366,Micros,2.1.0.27
2834,Micros,2.1.0.27
1226,Micros,2.1.0.27
1725,Micros,2.1.0.27
1491,Micros,2.1.0.27
1116,Micros,2.1.0.27
5043,Micros,2.1.0.27
5200,Micros,2.1.0.27
5346,Micros,2.1.0.27
5418,Micros,2.1.0.27
1043,Micros,2.1.0.27
5945,Micros,2.1.0.27
2808,Micros,2.1.0.27
4141,Micros,2.1.0.27
3876,Micros,2.1.0.27
4052,Micros,2.1.0.27
3408,Micros,2.1.0.27
6414,Micros,2.1.0.27
1100,Micros,2.1.0.27
6521,Micros,2.1.0.27
3382,Micros,2.1.0.27
3997,Micros,2.1.0.27
4300,Micros,2.1.0.27
4341,Micros,2.1.0.27
1711,Micros,2.1.0.27
3130,Micros,2.1.0.27
4145,Micros,2.1.0.27
4978,Micros,2.1.0.27
2660,Micros,2.1.0.27
3046,Micros,2.1.0.27
2020,Micros,2.1.0.27
1741,Micros,2.1.0.27
4346,Micros,2.1.0.27
1051,Micros,2.1.0.27
3291,Micros,2.1.0.27
5348,Micros,2.1.0.27
6543,Micros,2.1.0.27
4180,Micros,2.1.0.27
1003,Micros,2.1.0.27
1897,Micros,2.1.0.27
1726,Micros,2.1.0.27
2318,Micros,2.1.0.27
5176,Micros,2.1.0.27
2328,Micros,2.1.0.27
4836,Micros,2.1.0.27
1010,Micros,2.1.0.27
4377,Micros,2.1.0.27
5150,Micros,2.1.0.27
1929,Micros,2.1.0.27
1168,Micros,2.1.0.27
1584,Micros,2.1.0.27
3045,Micros,2.1.0.27
5937,Micros,2.1.0.27
2243,Micros,2.1.0.27
1191,Micros,2.1.0.27
1647,Micros,2.1.0.27
4456,Micros,2.1.0.27
6535,Micros,2.1.0.27
3342,Micros,2.1.0.27
2148,Micros,2.1.0.27
2412,Micros,2.1.0.27
3029,Micros,2.1.0.27
3438,Micros,2.1.0.27
5050,Micros,2.1.0.27
5188,Micros,2.1.0.27
2779,Micros,2.1.0.27
3019,Micros,2.1.0.27
3030,Micros,2.1.0.27
5406,Micros,2.1.0.27
2560,Micros,2.1.0.27
4730,Micros,2.1.0.27
4924,Micros,2.1.0.27
4120,Micros,2.1.0.27
3755,Micros,2.1.0.27
4381,Micros,2.1.0.27
5846,Micros,2.1.0.27
2059,Micros,2.1.0.27
2092,Micros,2.1.0.27
4435,Micros,2.1.0.27
2471,Micros,2.1.0.27
3644,Micros,2.1.0.27
3265,Micros,2.1.0.27
5048,Micros,2.1.0.27
5286,Micros,2.1.0.27
5424,Micros,2.1.0.27
1940,Micros,2.1.0.27
4775,Micros,2.1.0.27
3058,Micros,2.1.0.27
2731,Micros,2.1.0.27
3053,Micros,2.1.0.27
3409,Micros,2.1.0.27
3823,Micros,2.1.0.27
5601,Micros,2.1.0.27
5679,Micros,2.1.0.27
4111,Micros,2.1.0.27
4219,Micros,2.1.0.27
4220,Micros,2.1.0.27
6515,Micros,2.1.0.27
1087,Micros,2.1.0.27
3037,Micros,2.1.0.27
3048,Micros,2.1.0.27
3744,Micros,2.1.0.27
4162,Micros,2.1.0.27
4536,Micros,2.1.0.27
1503,Micros,2.1.0.27
2220,Micros,2.1.0.27
2073,Micros,2.1.0.27
3693,Micros,2.1.0.27
1939,Micros,2.1.0.27
2745,Micros,2.1.0.27
1026,Micros,2.1.0.27
2098,Micros,2.1.0.27
3619,Micros,2.1.0.27
4049,Micros,2.1.0.27
2244,Micros,2.1.0.27
4182,Micros,2.1.0.27
4280,Micros,2.1.0.27
1596,Micros,2.1.0.27
1166,Micros,2.1.0.27
1239,Micros,2.1.0.27
3862,Micros,2.1.0.27
1881,Micros,2.1.0.27
1067,Micros,2.1.0.27
4112,Micros,2.1.0.27
2369,Micros,2.1.0.27
3035,Micros,2.1.0.27
3039,Micros,2.1.0.27
3818,Micros,2.1.0.27
3370,Micros,2.1.0.27
4503,Micros,2.1.0.27
4975,Micros,2.1.0.27
2256,Micros,2.1.0.27
1694,Micros,2.1.0.27
1972,Micros,2.1.0.27
1230,Micros,2.1.0.27
1286,Micros,2.1.0.27
3916,Micros,2.1.0.27
2291,Micros,2.1.0.27
3187,Micros,2.1.0.27
6576,Micros,2.1.0.27
2729,Micros,2.1.0.27
4867,Micros,2.1.0.27
3387,Micros,2.1.0.27
2677,Micros,2.1.0.27
2781,Micros,2.1.0.27
4794,Micros,2.1.0.27
2885,Micros,2.1.0.27
3027,Micros,2.1.0.27
4011,Micros,2.1.0.27
3221,Micros,2.1.0.27
5446,Micros,2.1.0.27
1161,Micros,2.1.0.27
2990,Micros,2.1.0.27
3451,Micros,2.1.0.27
5660,Micros,2.1.0.27
5912,Micros,2.1.0.27
4142,Micros,2.1.0.27
4798,Micros,2.1.0.27
5162,Micros,2.1.0.27
5540,Micros,2.1.0.27
4221,Micros,2.1.0.27
3911,Micros,2.1.0.27
6583,Micros,2.1.0.27
2860,Micros,2.1.0.27
3299,Micros,2.1.0.27
4395,Micros,2.1.0.27
4507,Micros,2.1.0.27
4505,Micros,2.1.0.27
1589,Micros,2.1.0.27
2197,Micros,2.1.0.27
2816,Micros,2.1.0.27
6141,Micros,2.1.0.27
5385,Micros,2.1.0.27
2553,Micros,2.1.0.27
4012,Micros,2.1.0.27
4949,Micros,2.1.0.27
3708,Micros,2.1.0.27
5174,Micros,2.1.0.27
3803,Micros,2.1.0.27
1508,Micros,2.1.0.27
2131,Micros,2.1.0.27
2178,Micros,2.1.0.27
3354,Micros,2.1.0.27
3683,Micros,2.1.0.27
3762,Micros,2.1.0.27
1884,Micros,2.1.0.27
5317,Micros,2.1.0.27
5633,Micros,2.1.0.27
2641,Micros,2.1.0.27
5769,Micros,2.1.0.27
3542,Micros,2.1.0.27
3355,Micros,2.1.0.27
6538,Micros,2.1.0.27
6553,Micros,2.1.0.27
5113,Micros,2.1.0.27
1690,Micros,2.1.0.27
3345,Micros,2.1.0.27
3993,Micros,2.1.0.27
5567,Micros,2.1.0.27
1130,Micros,2.1.0.27
5152,Micros,2.1.0.27
3854,Micros,2.1.0.27
2277,Micros,2.1.0.27
2707,Micros,2.1.0.27
3400,Micros,2.1.0.27
4055,Micros,2.1.0.27
1952,Micros,2.1.0.27
2386,Micros,2.1.0.27
5520,Micros,2.1.0.27
1691,Micros,2.1.0.27
2612,Micros,2.1.0.27
2867,Micros,2.1.0.27
3746,Micros,2.1.0.27
3932,Micros,2.1.0.27
4222,Micros,2.1.0.27
4834,Micros,2.1.0.27
2882,Micros,2.1.0.27
1174,Micros,2.1.0.27
3375,Micros,2.1.0.27
2278,Micros,2.1.0.27
2717,Micros,2.1.0.27
3565,Micros,2.1.0.27
3773,Micros,2.1.0.27
3804,Micros,2.1.0.27
1183,Micros,2.1.0.27
4805,Micros,2.1.0.27
5262,Micros,2.1.0.27
5548,Micros,2.1.0.27
2765,Micros,2.1.0.27
5203,Micros,2.1.0.27
2262,Micros,2.1.0.27
3140,Micros,2.1.0.27
5260,Micros,2.1.0.27
5329,Micros,2.1.0.27
5427,Micros,2.1.0.27
1190,Micros,2.1.0.27
1279,Micros,2.1.0.27
4201,Micros,2.1.0.27
5521,Micros,2.1.0.27
1113,Micros,2.1.0.27
3689,Micros,2.1.0.27
3784,Micros,2.1.0.27
1179,Micros,2.1.0.27
4362,Micros,2.1.0.27
3450,Micros,2.1.0.27
1132,Micros,2.1.0.27
1185,Micros,2.1.0.27
5356,Micros,2.1.0.27
4920,Micros,2.1.0.27
2216,Micros,2.1.0.27
3398,Micros,2.1.0.27
4511,Micros,2.1.0.27
5128,Micros,2.1.0.27
1272,Micros,2.1.0.27
1569,Micros,2.1.0.27
3517,Micros,2.1.0.27
3070,Micros,2.1.0.27
4989,Micros,2.1.0.27
5592,Micros,2.1.0.27
2632,Micros,2.1.0.27
4350,Micros,2.1.0.27
1169,Micros,2.1.0.27
3729,Micros,2.1.0.27
3632,Micros,2.1.0.27
3684,Micros,2.1.0.27
1200,Micros,2.1.0.27
1712,Micros,2.1.0.27
2181,Micros,2.1.0.27
3473,Micros,2.1.0.27
3998,Micros,2.1.0.27
1892,Micros,2.1.0.27
3563,Micros,2.1.0.27
1316,Micros,2.1.0.27
3322,Micros,2.1.0.27
3991,Micros,2.1.0.27
3047,Micros,2.1.0.27
4285,Micros,2.1.0.27
4455,Micros,2.1.0.27
5707,Micros,2.1.0.27
5559,Micros,2.1.0.27
2862,Micros,2.1.0.27
3639,Micros,2.1.0.27
2011,Micros,2.1.0.27
2708,Micros,2.1.0.27
3978,Micros,2.1.0.27
2055,Micros,2.1.0.27
3569,Micros,2.1.0.27
5030,Micros,2.1.0.27
3011,Micros,2.1.0.27
3597,Micros,2.1.0.27
3274,Micros,2.1.0.27
5328,Micros,2.1.0.27
1015,Micros,2.1.0.27
1976,Micros,2.1.0.27
3467,Micros,2.1.0.27
3890,Micros,2.1.0.27
1264,Micros,2.1.0.27
1990,Micros,2.1.0.27
5229,Micros,2.1.0.27
5252,Micros,2.1.0.27
2054,Micros,2.1.0.27
3054,Micros,2.1.0.27
3610,Micros,2.1.0.27
2512,Micros,2.1.0.27
5025,Micros,2.1.0.27
5404,Micros,2.1.0.27
2472,Micros,2.1.0.27
3957,Micros,2.1.0.27
1313,Micros,2.1.0.27
3863,Micros,2.1.0.27
4216,Micros,2.1.0.27
5922,Micros,2.1.0.27
3410,Micros,2.1.0.27
1983,Micros,2.1.0.27
3527,Micros,2.1.0.27
5127,Micros,2.1.0.27
6156,Micros,2.1.0.27
1156,Micros,2.1.0.27
3256,Micros,2.1.0.27
3963,Micros,2.1.0.27
5253,Micros,2.1.0.27
2017,Micros,2.1.0.27
2984,Micros,2.1.0.27
5354,Micros,2.1.0.27
3719,Micros,2.1.0.27
6425,Micros,2.1.0.27
3237,Micros,2.1.0.27
1288,Micros,2.1.0.27
1995,Micros,2.1.0.27
5180,Micros,2.1.0.27
5295,Micros,2.1.0.27
5936,Micros,2.1.0.27
3723,Micros,2.1.0.27
5859,Micros,2.1.0.27
5928,Micros,2.1.0.27
1507,Micros,2.1.0.27
1986,Micros,2.1.0.27
2545,Micros,2.1.0.27
2858,Micros,2.1.0.27
3809,Micros,2.1.0.27
5309,Micros,2.1.0.27
1760,Micros,2.1.0.27
4327,Micros,2.1.0.27
5122,Micros,2.1.0.27
2909,Micros,2.1.0.27
3550,Micros,2.1.0.27
3646,Micros,2.1.0.27
6598,Micros,2.1.0.27
3511,Micros,2.1.0.27
2859,Micros,2.1.0.27
6582,Micros,2.1.0.27
4166,Micros,2.1.0.27
4107,Micros,2.1.0.27
3609,Micros,2.1.0.27
6145,Micros,2.1.0.27
6575,Micros,2.1.0.27
1993,Micros,2.1.0.27
3883,Micros,2.1.0.27
4659,Micros,2.1.0.27
4163,Micros,2.1.0.27
4803,Micros,2.1.0.27
5308,Micros,2.1.0.27
3607,Micros,2.1.0.27
5628,Micros,2.1.0.27
5787,Micros,2.1.0.27
4109,Micros,2.1.0.27
6532,Micros,2.1.0.27
5613,Micros,2.1.0.27
1188,Micros,2.1.0.27
1253,Micros,2.1.0.27
1988,Micros,2.1.0.27
4985,Micros,2.1.0.27
2591,Micros,2.1.0.27
3670,Micros,2.1.0.27
1028,Micros,2.1.0.27
5298,Micros,2.1.0.27
1728,Micros,2.1.0.27
1999,Micros,2.1.0.27
4616,Micros,2.1.0.27
5492,Micros,2.1.0.27
3522,Micros,2.1.0.27
3651,Micros,2.1.0.27
1300,Micros,2.1.0.27
2514,Micros,2.1.0.27
3224,Micros,2.1.0.27
4658,Micros,2.1.0.27
6240,Micros,2.1.0.27
1030,Micros,2.1.0.27
3038,Micros,2.1.0.27
3868,Micros,2.1.0.27
5112,Micros,2.1.0.27
3222,Micros,2.1.0.27
4467,Micros,2.1.0.27
2006,Micros,2.1.0.27
5009,Micros,2.1.0.27
5535,Micros,2.1.0.27
1743,Micros,2.1.0.27
5263,Micros,2.1.0.27
1717,Micros,2.1.0.27
2975,Micros,2.1.0.27
4721,Micros,2.1.0.27
6599,Micros,2.1.0.27
6594,Micros,2.1.0.27
2700,Micros,2.1.0.27
2004,Micros,2.1.0.27
3972,Micros,2.1.0.27
5681,Micros,2.1.0.27
1601,Micros,2.1.0.27
1698,Micros,2.1.0.27
1974,Micros,2.1.0.27
4526,Micros,2.1.0.27
1853,Micros,2.1.0.27
3332,Micros,2.1.0.27
1561,Micros,2.1.0.27
2356,Micros,2.1.0.27
2799,Micros,2.1.0.27
4861,Micros,2.1.0.27
1247,Micros,2.1.0.27
3508,Micros,2.1.0.27
2719,Micros,2.1.0.27
4291,Micros,2.1.0.27
2236,Micros,2.1.0.27
1520,Micros,2.1.0.27
4118,Micros,2.1.0.27
4954,Micros,2.1.0.27
5457,Micros,2.1.0.27
2733,Micros,2.1.0.27
2391,Micros,2.1.0.27
3794,Micros,2.1.0.27
2485,Micros,2.1.0.27
3300,Micros,2.1.0.27
4993,Micros,2.1.0.27
1086,Micros,2.1.0.27
3777,Micros,2.1.0.27
5071,Micros,2.1.0.27
5106,Micros,2.1.0.27
5257,Micros,2.1.0.27
5713,Micros,2.1.0.27
4525,Micros,2.1.0.27
2150,Micros,2.1.0.27
2777,Micros,2.1.0.27
3795,Micros,2.1.0.27
4960,Micros,2.1.0.27
4894,Micros,2.1.0.27
5072,Micros,2.1.0.27
5153,Micros,2.1.0.27
1504,Micros,2.1.0.27
2438,Micros,2.1.0.27
3215,Micros,2.1.0.27
3431,Micros,2.1.0.27
4355,Micros,2.1.0.27
4544,Micros,2.1.0.27
1320,Micros,2.1.0.27
3549,Micros,2.1.0.27
5078,Micros,2.1.0.27
4434,Micros,2.1.0.27
5517,Micros,2.1.0.27
5916,Micros,2.1.0.27
2480,Micros,2.1.0.27
4211,Micros,2.1.0.27
1638,Micros,2.1.0.27
2784,Micros,2.1.0.27
3002,Micros,2.1.0.27
4782,Micros,2.1.0.27
5649,Micros,2.1.0.27
4535,Micros,2.1.0.27
5510,Micros,2.1.0.27
1308,Micros,2.1.0.27
5080,Micros,2.1.0.27
4564,Micros,2.1.0.27
2204,Micros,2.1.0.27
2285,Micros,2.1.0.27
5717,Micros,2.1.0.27
2030,Micros,2.1.0.27
3483,Micros,2.1.0.27
4609,Micros,2.1.0.27
5478,Micros,2.1.0.27
1315,Micros,2.1.0.27
3761,Micros,2.1.0.27
6111,Micros,2.1.0.27
2787,Micros,2.1.0.27
5130,Micros,2.1.0.27
4183,Micros,2.1.0.27
5689,Micros,2.1.0.27
3244,Micros,2.1.0.27
2362,Micros,2.1.0.27
3951,Micros,2.1.0.27
4815,Micros,2.1.0.27
1896,Micros,2.1.0.27
3765,Micros,2.1.0.27
2782,Micros,2.1.0.27
3973,Micros,2.1.0.27
1563,Micros,2.1.0.27
4961,Micros,2.1.0.27
2376,Micros,2.1.0.27
5630,Micros,2.1.0.27
2052,Micros,2.1.0.27
3947,Micros,2.1.0.27
4077,Micros,2.1.0.27
1229,Micros,2.1.0.27
2422,Micros,2.1.0.27
2444,Micros,2.1.0.27
2694,Micros,2.1.0.27
5135,Micros,2.1.0.27
5969,Micros,2.1.0.27
4021,Micros,2.1.0.27
4622,Micros,2.1.0.27
5143,Micros,2.1.0.27
6295,Micros,2.1.0.27
3855,Micros,2.1.0.27
4579,Micros,2.1.0.27
6558,Micros,2.1.0.27
5259,Micros,2.1.0.27
2086,Micros,2.1.0.27
2616,Micros,2.1.0.27
4514,Micros,2.1.0.27
1715,Micros,2.1.0.27
4019,Micros,2.1.0.27
4687,Micros,2.1.0.27
5720,Micros,2.1.0.27
2365,Micros,2.1.0.27
4213,Micros,2.1.0.27
2634,Micros,2.1.0.27
2706,Micros,2.1.0.27
3920,Micros,2.1.0.27
5423,Micros,2.1.0.27
1577,Micros,2.1.0.27
2868,Micros,2.1.0.27
6200,Micros,2.1.0.27
3598,Micros,2.1.0.27
5919,Micros,2.1.0.27
4242,Micros,2.1.0.27
1591,Micros,2.1.0.27
5049,Micros,2.1.0.27
4740,Micros,2.1.0.27
3981,Micros,2.1.0.27
2122,Micros,2.1.0.27
6586,Micros,2.1.0.27
1524,Micros,2.1.0.27
2839,Micros,2.1.0.27
2972,Micros,2.1.0.27
3837,Micros,2.1.0.27
6610,Micros,2.1.0.27
6611,Micros,2.1.0.27
3124,Micros,2.1.0.27
3449,Micros,2.1.0.27
6607,Micros,2.1.0.27
1597,Micros,2.1.0.27
2058,Micros,2.1.0.27
5798,Micros,2.1.0.27
3938,Micros,2.1.0.27
4258,Micros,2.1.0.27
5023,Micros,2.1.0.27
5185,Micros,2.1.0.27
3909,Micros,2.1.0.27
2404,Micros,2.1.0.27
4890,Micros,2.1.0.27
2549,Micros,2.1.0.27
3827,Micros,2.1.0.27
6562,Micros,2.1.0.27
4945,Micros,2.1.0.27
2579,Micros,2.1.0.27
5849,Micros,2.1.0.27
6597,Micros,2.1.0.27
3182,Micros,2.1.0.27
2709,Micros,2.1.0.27
5904,Micros,2.1.0.27
3694,Micros,2.1.0.27
5877,Micros,2.1.0.27
5996,Micros,2.1.0.27
3040,Micros,2.1.0.27
3052,Micros,2.1.0.27
5654,Micros,2.1.0.27
2281,Micros,2.1.0.27
5463,Micros,2.1.0.27
4081,Micros,2.1.0.27
2693,Micros,Schedule
2129,Micros,2.1.0.27
2174,Micros,2.1.0.27
3567,Micros,2.1.0.27
3929,Micros,2.1.0.27
1032,Micros,2.1.0.27
4421,Micros,2.1.0.27
1531,Micros,2.1.0.27
1880,Micros,2.1.0.27
2177,Micros,2.1.0.27
3570,Micros,2.1.0.27
3835,Micros,2.1.0.27
4361,Micros,2.1.0.27
4506,Micros,2.1.0.27
5562,Micros,2.1.0.27
5947,Micros,2.1.0.27
6566,Micros,2.1.0.27
6600,Micros,2.1.0.27
6608,Micros,2.1.0.27
