3802,Ordermatic,Not in DCP
2762,Ordermatic,Not in DCP
6265,Ordermatic,Not in DCP
5294,Ordermatic,Not in DCP
4677,Ordermatic,Not in DCP
4680,Ordermatic,Not in DCP
4731,Ordermatic,Not in DCP
5007,Ordermatic,Not in DCP
5220,Ordermatic,Not in DCP
5397,Ordermatic,Not in DCP
5465,Ordermatic,Not in DCP
5820,Ordermatic,Not in DCP
6282,Ordermatic,Not in DCP
6320,Ordermatic,Not in DCP
2182,Ordermatic,Not in DCP
2546,Ordermatic,Not in DCP
4527,Ordermatic,Not in DCP
4597,Ordermatic,Not in DCP
4748,Ordermatic,Not in DCP
4509,Ordermatic,Not in DCP
5614,Ordermatic,Not in DCP
1713,Ordermatic,4.2.3.40
2251,Ordermatic,4.2.3.40
2832,Ordermatic,4.2.3.40
5228,Ordermatic,4.2.3.40
4478,Ordermatic,4.2.3.52
4725,Ordermatic,4.2.3.52
4016,Ordermatic,4.2.3.52
1029,Ordermatic,4.2.3.52
3695,Ordermatic,4.2.3.52
2932,Ordermatic,4.2.3.52
1506,Ordermatic,4.2.3.52
2296,Ordermatic,4.2.3.52
4756,Ordermatic,4.2.3.52
3959,Ordermatic,4.2.3.52
5172,Ordermatic,4.2.3.52
5209,Ordermatic,4.2.3.52
5958,Ordermatic,4.2.3.52
3919,Ordermatic,4.2.3.52
4096,Ordermatic,4.2.3.52
3223,Ordermatic,4.2.3.52
1763,Ordermatic,4.2.3.52
2208,Ordermatic,4.2.3.52
4364,Ordermatic,4.2.3.52
2349,Ordermatic,4.2.3.52
5646,Ordermatic,4.2.3.52
2639,Ordermatic,4.2.3.52
2954,Ordermatic,4.2.3.52
2201,Ordermatic,4.2.3.52
4850,Ordermatic,4.2.3.52
2322,Ordermatic,4.2.3.52
2587,Ordermatic,4.2.3.52
2533,Ordermatic,4.2.3.52
3713,Ordermatic,4.2.3.52
2023,Ordermatic,4.2.3.52
3087,Ordermatic,4.2.3.52
3901,Ordermatic,4.2.3.52
4380,Ordermatic,4.2.3.52
3175,Ordermatic,4.2.3.52
5111,Ordermatic,4.2.3.52
2538,Ordermatic,4.2.3.52
2836,Ordermatic,4.2.3.52
1537,Ordermatic,4.2.3.52
4349,Ordermatic,4.2.3.52
3531,Ordermatic,4.2.3.52
1858,Ordermatic,4.2.3.52
2026,Ordermatic,4.2.3.52
5972,Ordermatic,4.2.3.52
2332,Ordermatic,4.2.3.52
2711,Ordermatic,4.2.3.52
2235,Ordermatic,4.2.3.52
4988,Ordermatic,4.2.3.52
4458,Ordermatic,4.2.3.52
3612,Ordermatic,4.2.3.52
2758,Ordermatic,4.2.3.52
5137,Ordermatic,4.2.3.52
3635,Ordermatic,4.2.3.52
4007,Ordermatic,4.2.3.52
2174,Ordermatic,4.2.3.52
2467,Ordermatic,4.2.3.52
2548,Ordermatic,4.2.3.52
2294,Ordermatic,4.2.3.52
4964,Ordermatic,4.2.3.52
2561,Ordermatic,4.2.3.52
2890,Ordermatic,4.2.3.52
3750,Ordermatic,4.2.3.52
6078,Ordermatic,4.2.3.52
5577,Ordermatic,4.2.3.52
3261,Ordermatic,4.2.3.52
3894,Ordermatic,4.2.3.52
1249,Ordermatic,4.2.3.52
3831,Ordermatic,4.2.3.52
3681,Ordermatic,4.2.3.52
3546,Ordermatic,4.2.3.52
3974,Ordermatic,4.2.3.52
3857,Ordermatic,4.2.3.52
3858,Ordermatic,4.2.3.52
4382,Ordermatic,4.2.3.52
2420,Ordermatic,4.2.3.52
4781,Ordermatic,4.2.3.52
2655,Ordermatic,4.2.3.52
2740,Ordermatic,4.2.3.52
2822,Ordermatic,4.2.3.52
3349,Ordermatic,4.2.3.52
2484,Ordermatic,4.2.3.52
4554,Ordermatic,4.2.3.52
3716,Ordermatic,4.2.3.52
2928,Ordermatic,4.2.3.52
2284,Ordermatic,4.2.3.52
3491,Ordermatic,4.2.3.52
2705,Ordermatic,4.2.3.52
3926,Ordermatic,4.2.3.52
3983,Ordermatic,4.2.3.52
4908,Ordermatic,4.2.3.52
5054,Ordermatic,4.2.3.52
3391,Ordermatic,4.2.3.52
3711,Ordermatic,4.2.3.52
4208,Ordermatic,4.2.3.52
2753,Ordermatic,4.2.3.52
3564,Ordermatic,4.2.3.52
2665,Ordermatic,4.2.3.52
6082,Ordermatic,4.2.3.52
3497,Ordermatic,4.2.3.52
2543,Ordermatic,4.2.3.52
5836,Ordermatic,4.2.3.52
2115,Ordermatic,4.2.3.52
2014,Ordermatic,4.2.3.52
5785,Ordermatic,4.2.3.52
2491,Ordermatic,4.2.3.52
3725,Ordermatic,4.2.3.52
2016,Ordermatic,4.2.3.52
3331,Ordermatic,4.2.3.52
3760,Ordermatic,4.2.3.52
2732,Ordermatic,4.2.3.52
2537,Ordermatic,4.2.3.52
4951,Ordermatic,4.2.3.52
2844,Ordermatic,4.2.3.52
2237,Ordermatic,4.2.3.52
4389,Ordermatic,4.2.3.52
2257,Ordermatic,4.2.3.52
2998,Ordermatic,4.2.3.52
2348,Ordermatic,4.2.3.52
5625,Ordermatic,4.2.3.52
3169,Ordermatic,4.2.3.52
4301,Ordermatic,4.2.3.52
2083,Ordermatic,4.2.3.52
3975,Ordermatic,4.2.3.52
3413,Ordermatic,4.2.3.52
5092,Ordermatic,4.2.3.52
2205,Ordermatic,4.2.3.52
3596,Ordermatic,4.2.3.52
4786,Ordermatic,4.2.3.52
3764,Ordermatic,4.2.3.52
3220,Ordermatic,4.2.3.52
2157,Ordermatic,4.2.3.52
4531,Ordermatic,4.2.3.52
2857,Ordermatic,4.2.3.52
4034,Ordermatic,4.2.3.52
2153,Ordermatic,4.2.3.52
4669,Ordermatic,4.2.3.52
2146,Ordermatic,4.2.3.52
2041,Ordermatic,4.2.3.52
2380,Ordermatic,4.2.3.52
3677,Ordermatic,4.2.3.52
2838,Ordermatic,4.2.3.52
2442,Ordermatic,4.2.3.52
6020,Ordermatic,4.2.3.52
3864,Ordermatic,4.2.3.52
5208,Ordermatic,4.2.3.52
3248,Ordermatic,4.2.3.52
3006,Ordermatic,4.2.3.52
4324,Ordermatic,4.2.3.52
3682,Ordermatic,4.2.3.52
2570,Ordermatic,4.2.3.52
2109,Ordermatic,4.2.3.52
4610,Ordermatic,4.2.3.52
4320,Ordermatic,4.2.3.52
5983,Ordermatic,4.2.3.52
6323,Ordermatic,4.2.3.52
3685,Ordermatic,4.2.3.52
4991,Ordermatic,4.2.3.52
5714,Ordermatic,4.2.3.52
3544,Ordermatic,4.2.3.52
2292,Ordermatic,4.2.3.52
2106,Ordermatic,4.2.3.52
4766,Ordermatic,4.2.3.52
2443,Ordermatic,4.2.3.52
3041,Ordermatic,4.2.3.52
2456,Ordermatic,4.2.3.52
2948,Ordermatic,4.2.3.52
1756,Ordermatic,4.2.3.52
3085,Ordermatic,4.2.3.52
2321,Ordermatic,4.2.3.52
3962,Ordermatic,4.2.3.52
2462,Ordermatic,4.2.3.52
3301,Ordermatic,4.2.3.52
3937,Ordermatic,4.2.3.52
3820,Ordermatic,4.2.3.52
6079,Ordermatic,4.2.3.52
3822,Ordermatic,4.2.3.52
3878,Ordermatic,4.2.3.52
4810,Ordermatic,4.2.3.52
3567,Ordermatic,4.2.3.52
3614,Ordermatic,4.2.3.52
3571,Ordermatic,4.2.3.52
3474,Ordermatic,4.2.3.52
3097,Ordermatic,4.2.3.52
4495,Ordermatic,4.2.3.52
3873,Ordermatic,4.2.3.52
5801,Ordermatic,4.2.3.52
4025,Ordermatic,4.2.3.52
3072,Ordermatic,4.2.3.52
2198,Ordermatic,4.2.3.52
2287,Ordermatic,4.2.3.52
3412,Ordermatic,4.2.3.52
2804,Ordermatic,4.2.3.52
6264,Ordermatic,4.2.3.52
3799,Ordermatic,4.2.3.52
2529,Ordermatic,4.2.3.52
3338,Ordermatic,4.2.3.52
4063,Ordermatic,4.2.3.52
4681,Ordermatic,4.2.3.52
3626,Ordermatic,4.2.3.52
5133,Ordermatic,4.2.3.52
2530,Ordermatic,4.2.3.52
3887,Ordermatic,4.2.3.52
1515,Ordermatic,4.2.3.52
2871,Ordermatic,4.2.3.52
3254,Ordermatic,4.2.3.52
2306,Ordermatic,4.2.3.52
2139,Ordermatic,4.2.3.52
3100,Ordermatic,4.2.3.52
2716,Ordermatic,4.2.3.52
4724,Ordermatic,4.2.3.52
3895,Ordermatic,4.2.3.52
2947,Ordermatic,4.2.3.52
6084,Ordermatic,4.2.3.52
3805,Ordermatic,4.2.3.52
4577,Ordermatic,4.2.3.52
3403,Ordermatic,4.2.3.52
4189,Ordermatic,4.2.3.52
3743,Ordermatic,4.2.3.52
2912,Ordermatic,4.2.3.52
4054,Ordermatic,4.2.3.52
2268,Ordermatic,4.2.3.52
3602,Ordermatic,4.2.3.52
2374,Ordermatic,4.2.3.52
4408,Ordermatic,4.2.3.52
2477,Ordermatic,4.2.3.52
2550,Ordermatic,4.2.3.52
6218,Ordermatic,4.2.3.52
4459,Ordermatic,4.2.3.52
3789,Ordermatic,4.2.3.52
2261,Ordermatic,4.2.3.52
5484,Ordermatic,4.2.3.52
2280,Ordermatic,4.2.3.52
5831,Ordermatic,4.2.3.52
2406,Ordermatic,4.2.3.52
2273,Ordermatic,4.2.3.52
2584,Ordermatic,4.2.3.52
3801,Ordermatic,4.2.3.52
3896,Ordermatic,4.2.3.52
4606,Ordermatic,4.2.3.52
3429,Ordermatic,4.2.3.52
2567,Ordermatic,4.2.3.52
4284,Ordermatic,4.2.3.52
5064,Ordermatic,4.2.3.52
5000,Ordermatic,4.2.3.52
3174,Ordermatic,4.2.3.52
5029,Ordermatic,4.2.3.52
2551,Ordermatic,4.2.3.52
3703,Ordermatic,4.2.3.52
3877,Ordermatic,4.2.3.52
3093,Ordermatic,4.2.3.52
3173,Ordermatic,4.2.3.52
3416,Ordermatic,4.2.3.52
4563,Ordermatic,4.2.3.52
3095,Ordermatic,4.2.3.52
2604,Ordermatic,4.2.3.52
4719,Ordermatic,4.2.3.52
4410,Ordermatic,4.2.3.52
2045,Ordermatic,4.2.3.52
3013,Ordermatic,4.2.3.52
2266,Ordermatic,4.2.3.52
2963,Ordermatic,4.2.3.52
3888,Ordermatic,4.2.3.52
2540,Ordermatic,4.2.3.52
3766,Ordermatic,4.2.3.52
3691,Ordermatic,4.2.3.52
2730,Ordermatic,4.2.3.52
5241,Ordermatic,4.2.3.52
5576,Ordermatic,4.2.3.52
5017,Ordermatic,4.2.3.52
3528,Ordermatic,4.2.3.52
3259,Ordermatic,4.2.3.52
3577,Ordermatic,4.2.3.52
3311,Ordermatic,4.2.3.52
2795,Ordermatic,4.2.3.52
2935,Ordermatic,4.2.3.52
2248,Ordermatic,4.2.3.52
4504,Ordermatic,4.2.3.52
1916,Ordermatic,4.2.3.52
2172,Ordermatic,4.2.3.52
3821,Ordermatic,4.2.3.52
3320,Ordermatic,4.2.3.52
2225,Ordermatic,4.2.3.52
4705,Ordermatic,4.2.3.52
6178,Ordermatic,4.2.3.52
2130,Ordermatic,4.2.3.52
4613,Ordermatic,4.2.3.52
2211,Ordermatic,4.2.3.52
3094,Ordermatic,4.2.3.52
4576,Ordermatic,4.2.3.52
3811,Ordermatic,4.2.3.52
4399,Ordermatic,4.2.3.52
3758,Ordermatic,4.2.3.52
5701,Ordermatic,4.2.3.52
6163,Ordermatic,4.2.3.52
5686,Ordermatic,4.2.3.52
5666,Ordermatic,4.2.3.52
5645,Ordermatic,4.2.3.52
5161,Ordermatic,4.2.3.52
6009,Ordermatic,4.2.3.52
5055,Ordermatic,4.2.3.52
3953,Ordermatic,4.2.3.52
5490,Ordermatic,4.2.3.52
3731,Ordermatic,4.2.3.52
6394,Ordermatic,4.2.3.52
4809,Ordermatic,4.2.3.52
4440,Ordermatic,4.2.3.52
3798,Ordermatic,4.2.3.52
5416,Ordermatic,4.2.3.52
5184,Ordermatic,4.2.3.52
4521,Ordermatic,4.2.3.52
3929,Ordermatic,4.2.3.52
5984,Ordermatic,4.2.3.52
5402,Ordermatic,4.2.3.52
4744,Ordermatic,4.2.3.52
3819,Ordermatic,4.2.3.52
4599,Ordermatic,4.2.3.52
4196,Ordermatic,4.2.3.52
5147,Ordermatic,4.2.3.52
3015,Ordermatic,4.2.3.52
4385,Ordermatic,4.2.3.52
3751,Ordermatic,4.2.3.52
4852,Ordermatic,4.2.3.52
3707,Ordermatic,4.2.3.52
5215,Ordermatic,4.2.3.52
4905,Ordermatic,4.2.3.52
3012,Ordermatic,4.2.3.52
3931,Ordermatic,4.2.3.52
3430,Ordermatic,4.2.3.52
1982,Ordermatic,4.2.3.52
4923,Ordermatic,4.2.3.52
1251,Ordermatic,4.2.3.52
4244,Ordermatic,4.2.3.52
3642,Ordermatic,4.2.3.52
4997,Ordermatic,4.2.3.52
1598,Ordermatic,4.2.3.52
4305,Ordermatic,4.2.3.52
4586,Ordermatic,4.2.3.52
6499,Ordermatic,4.2.3.52
4534,Ordermatic,4.2.3.52
5290,Ordermatic,4.2.3.52
5074,Ordermatic,4.2.3.52
5773,Ordermatic,4.2.3.52
5697,Ordermatic,4.2.3.52
4623,Ordermatic,4.2.3.52
4880,Ordermatic,4.2.3.52
4044,Ordermatic,4.2.3.52
4352,Ordermatic,4.2.3.52
4468,Ordermatic,4.2.3.52
5539,Ordermatic,4.2.3.52
4184,Ordermatic,4.2.3.52
5987,Ordermatic,4.2.3.52
6373,Ordermatic,4.2.3.52
5202,Ordermatic,4.2.3.52
4930,Ordermatic,4.2.3.52
4132,Ordermatic,4.2.3.52
4653,Ordermatic,4.2.3.52
4177,Ordermatic,4.2.3.52
4573,Ordermatic,4.2.3.52
4332,Ordermatic,4.2.3.52
4122,Ordermatic,4.2.3.52
6340,Ordermatic,4.2.3.52
4831,Ordermatic,4.2.3.52
4914,Ordermatic,4.2.3.52
6007,Ordermatic,4.2.3.52
5192,Ordermatic,4.2.3.52
5591,Ordermatic,4.2.3.52
4692,Ordermatic,4.2.3.52
4700,Ordermatic,4.2.3.52
5881,Ordermatic,4.2.3.52
4919,Ordermatic,4.2.3.52
5288,Ordermatic,4.2.3.52
4726,Ordermatic,4.2.3.52
4595,Ordermatic,4.2.3.52
4585,Ordermatic,4.2.3.52
5777,Ordermatic,4.2.3.52
4403,Ordermatic,4.2.3.52
4589,Ordermatic,4.2.3.52
4701,Ordermatic,4.2.3.52
5277,Ordermatic,4.2.3.52
4272,Ordermatic,4.2.3.52
4199,Ordermatic,4.2.3.52
4103,Ordermatic,4.2.3.52
4694,Ordermatic,4.2.3.52
5091,Ordermatic,4.2.3.52
4801,Ordermatic,4.2.3.52
5995,Ordermatic,4.2.3.52
4570,Ordermatic,4.2.3.52
6031,Ordermatic,4.2.3.52
4992,Ordermatic,4.2.3.52
5038,Ordermatic,4.2.3.52
4290,Ordermatic,4.2.3.52
5802,Ordermatic,4.2.3.52
6411,Ordermatic,4.2.3.52
5219,Ordermatic,4.2.3.52
5575,Ordermatic,4.2.3.52
4971,Ordermatic,4.2.3.52
6249,Ordermatic,4.2.3.52
4643,Ordermatic,4.2.3.52
4702,Ordermatic,4.2.3.52
4804,Ordermatic,4.2.3.52
4079,Ordermatic,4.2.3.52
4261,Ordermatic,4.2.3.52
4654,Ordermatic,4.2.3.52
5700,Ordermatic,4.2.3.52
4286,Ordermatic,4.2.3.52
5142,Ordermatic,4.2.3.52
4313,Ordermatic,4.2.3.52
4262,Ordermatic,4.2.3.52
4983,Ordermatic,4.2.3.52
4965,Ordermatic,4.2.3.52
5534,Ordermatic,4.2.3.52
5657,Ordermatic,4.2.3.52
4792,Ordermatic,4.2.3.52
4407,Ordermatic,4.2.3.52
4934,Ordermatic,4.2.3.52
4179,Ordermatic,4.2.3.52
5706,Ordermatic,4.2.3.52
4771,Ordermatic,4.2.3.52
4808,Ordermatic,4.2.3.52
4813,Ordermatic,4.2.3.52
4904,Ordermatic,4.2.3.52
4092,Ordermatic,4.2.3.52
4811,Ordermatic,4.2.3.52
5374,Ordermatic,4.2.3.52
4487,Ordermatic,4.2.3.52
4149,Ordermatic,4.2.3.52
4254,Ordermatic,4.2.3.52
4884,Ordermatic,4.2.3.52
6179,Ordermatic,4.2.3.52
5789,Ordermatic,4.2.3.52
4994,Ordermatic,4.2.3.52
5612,Ordermatic,4.2.3.52
5852,Ordermatic,4.2.3.52
5156,Ordermatic,4.2.3.52
5620,Ordermatic,4.2.3.52
5694,Ordermatic,4.2.3.52
5118,Ordermatic,4.2.3.52
4718,Ordermatic,4.2.3.52
4670,Ordermatic,4.2.3.52
4524,Ordermatic,4.2.3.52
6014,Ordermatic,4.2.3.52
4877,Ordermatic,4.2.3.52
4749,Ordermatic,4.2.3.52
5388,Ordermatic,4.2.3.52
5036,Ordermatic,4.2.3.52
5469,Ordermatic,4.2.3.52
5459,Ordermatic,4.2.3.52
5276,Ordermatic,4.2.3.52
4864,Ordermatic,4.2.3.52
4348,Ordermatic,4.2.3.52
5090,Ordermatic,4.2.3.52
5473,Ordermatic,4.2.3.52
6350,Ordermatic,4.2.3.52
4496,Ordermatic,4.2.3.52
4987,Ordermatic,4.2.3.52
4881,Ordermatic,4.2.3.52
4986,Ordermatic,4.2.3.52
6319,Ordermatic,4.2.3.52
4580,Ordermatic,4.2.3.52
1828,Ordermatic,4.2.3.52
4523,Ordermatic,4.2.3.52
4302,Ordermatic,4.2.3.52
4318,Ordermatic,4.2.3.52
4910,Ordermatic,4.2.3.52
4457,Ordermatic,4.2.3.52
5946,Ordermatic,4.2.3.52
5419,Ordermatic,4.2.3.52
5952,Ordermatic,4.2.3.52
5456,Ordermatic,4.2.3.52
5619,Ordermatic,4.2.3.52
5872,Ordermatic,4.2.3.52
5449,Ordermatic,4.2.3.52
5908,Ordermatic,4.2.3.52
1267,Ordermatic,4.2.3.52
5518,Ordermatic,4.2.3.52
5284,Ordermatic,4.2.3.52
5445,Ordermatic,4.2.3.52
5191,Ordermatic,4.2.3.52
5837,Ordermatic,4.2.3.52
5236,Ordermatic,4.2.3.52
6277,Ordermatic,4.2.3.52
5173,Ordermatic,4.2.3.52
5177,Ordermatic,4.2.3.52
6105,Ordermatic,4.2.3.52
6172,Ordermatic,4.2.3.52
6345,Ordermatic,4.2.3.52
6130,Ordermatic,4.2.3.52
5102,Ordermatic,4.2.3.52
6419,Ordermatic,4.2.3.52
5371,Ordermatic,4.2.3.52
5222,Ordermatic,4.2.3.52
5760,Ordermatic,4.2.3.52
1812,Ordermatic,4.2.3.52
6469,Ordermatic,4.2.3.52
5965,Ordermatic,4.2.3.52
5953,Ordermatic,4.2.3.52
6064,Ordermatic,4.2.3.52
5330,Ordermatic,4.2.3.52
1582,Ordermatic,4.2.3.52
5075,Ordermatic,4.2.3.52
6158,Ordermatic,4.2.3.52
5420,Ordermatic,4.2.3.52
5650,Ordermatic,4.2.3.52
6279,Ordermatic,4.2.3.52
1729,Ordermatic,4.2.3.52
6289,Ordermatic,4.2.3.52
5962,Ordermatic,4.2.3.52
5433,Ordermatic,4.2.3.52
1579,Ordermatic,4.2.3.52
6001,Ordermatic,4.2.3.52
5574,Ordermatic,4.2.3.52
6236,Ordermatic,4.2.3.52
5639,Ordermatic,4.2.3.52
5718,Ordermatic,4.2.3.52
5884,Ordermatic,4.2.3.52
6306,Ordermatic,4.2.3.52
5827,Ordermatic,4.2.3.52
5434,Ordermatic,4.2.3.52
6375,Ordermatic,4.2.3.52
5523,Ordermatic,4.2.3.52
5688,Ordermatic,4.2.3.52
1901,Ordermatic,4.2.3.52
5757,Ordermatic,4.2.3.52
6086,Ordermatic,4.2.3.52
6257,Ordermatic,4.2.3.52
5233,Ordermatic,4.2.3.52
5898,Ordermatic,4.2.3.52
1496,Ordermatic,4.2.3.52
5347,Ordermatic,4.2.3.52
5199,Ordermatic,4.2.3.52
6317,Ordermatic,4.2.3.52
6286,Ordermatic,4.2.3.52
6188,Ordermatic,4.2.3.52
5579,Ordermatic,4.2.3.52
5387,Ordermatic,4.2.3.52
6159,Ordermatic,4.2.3.52
6212,Ordermatic,4.2.3.52
5889,Ordermatic,4.2.3.52
5899,Ordermatic,4.2.3.52
5833,Ordermatic,4.2.3.52
5896,Ordermatic,4.2.3.52
5344,Ordermatic,4.2.3.52
5599,Ordermatic,4.2.3.52
6047,Ordermatic,4.2.3.52
5324,Ordermatic,4.2.3.52
1898,Ordermatic,4.2.3.52
6399,Ordermatic,4.2.3.52
6273,Ordermatic,4.2.3.52
5821,Ordermatic,4.2.3.52
1194,Ordermatic,4.2.3.52
6268,Ordermatic,4.2.3.52
5480,Ordermatic,4.2.3.52
5382,Ordermatic,4.2.3.52
5224,Ordermatic,4.2.3.52
6303,Ordermatic,4.2.3.52
6305,Ordermatic,4.2.3.52
6280,Ordermatic,4.2.3.52
5735,Ordermatic,4.2.3.52
5005,Ordermatic,4.2.3.52
6315,Ordermatic,4.2.3.52
6054,Ordermatic,4.2.3.52
5063,Ordermatic,4.2.3.52
5425,Ordermatic,4.2.3.52
1894,Ordermatic,4.2.3.52
1832,Ordermatic,4.2.3.52
6228,Ordermatic,4.2.3.52
6311,Ordermatic,4.2.3.52
1182,Ordermatic,4.2.3.52
6048,Ordermatic,4.2.3.52
6008,Ordermatic,4.2.3.52
6339,Ordermatic,4.2.3.52
6281,Ordermatic,4.2.3.52
6390,Ordermatic,4.2.3.52
6191,Ordermatic,4.2.3.52
1824,Ordermatic,4.2.3.52
6338,Ordermatic,4.2.3.52
6416,Ordermatic,4.2.3.52
6374,Ordermatic,4.2.3.52
1859,Ordermatic,4.2.3.52
6091,Ordermatic,4.2.3.52
6275,Ordermatic,4.2.3.52
6252,Ordermatic,4.2.3.52
6351,Ordermatic,4.2.3.52
6189,Ordermatic,4.2.3.52
6216,Ordermatic,4.2.3.52
6255,Ordermatic,4.2.3.52
6186,Ordermatic,4.2.3.52
6024,Ordermatic,4.2.3.52
1541,Ordermatic,4.2.3.52
6364,Ordermatic,4.2.3.52
6422,Ordermatic,4.2.3.52
1747,Ordermatic,4.2.3.52
1865,Ordermatic,4.2.3.52
6146,Ordermatic,4.2.3.52
6138,Ordermatic,4.2.3.52
1555,Ordermatic,4.2.3.52
1819,Ordermatic,4.2.3.52
1317,Ordermatic,5.6.4.3
1203,Ordermatic,5.6.4.3
1553,Ordermatic,5.6.4.3
1735,Ordermatic,4.2.3.52
1523,Ordermatic,4.2.3.52
1284,Ordermatic,5.6.4.3
1879,Ordermatic,5.6.4.3
1645,Ordermatic,5.6.4.3
1776,Ordermatic,4.2.3.52
1530,Ordermatic,5.6.4.3
1733,Ordermatic,5.6.4.3
1558,Ordermatic,5.6.4.3
1773,Ordermatic,5.6.4.3
1595,Ordermatic,5.6.4.3
1243,Ordermatic,5.6.4.3
1740,Ordermatic,4.2.3.52
1578,Ordermatic,5.6.4.3
1777,Ordermatic,5.6.4.3
1668,Ordermatic,5.6.4.3
1849,Ordermatic,4.2.3.52
1842,Ordermatic,5.6.4.3
1788,Ordermatic,5.6.4.3
6237,Ordermatic,5.0.0.28
1048,Ordermatic,5.6.4.3
5485,Ordermatic,5.3.1.11
1699,Ordermatic,5.6.4.3
1008,Ordermatic,5.6.4.3
1149,Ordermatic,5.6.4.3
1157,Ordermatic,5.6.4.3
1152,Ordermatic,5.6.4.3
1070,Ordermatic,5.6.4.3
1074,Ordermatic,5.3.1.11
1089,Ordermatic,5.6.4.3
1184,Ordermatic,5.6.4.3
3525,Ordermatic,5.3.3.1
2848,Ordermatic,5.6.2.4
6297,Ordermatic,5.6.4.3
